{"cameraMode":{"drawMode":0,"name":"Shaded","section":"Shading Mode"},"sceneLighting":true,"audioPlay":false,"sceneViewState":{"m_AlwaysRefresh":false,"showFog":true,"showSkybox":true,"showFlares":true,"showImageEffects":true,"showParticleSystems":true,"showVisualEffectGraphs":true,"m_FxEnabled":true},"in2DMode":false,"pivot":{"x":-1.5748928785324097,"y":0.9448449611663818,"z":-5.099977970123291},"rotation":{"x":-0.05352909862995148,"y":0.7087153792381287,"z":0.054125335067510608,"w":0.7015224695205689},"size":1.3458051681518555,"orthographic":false}